"avgsiz","avgage","cust","avgincom","Car","Third","Moto","Life","Accident","Mobilhome","Cluster","Groupe","SCORE"
"Avg_size_4 et plus","Avg_age_3 40-50 years","Cust_type_2 Driven Growers","Avg_incom_>75.000","Car_1","Third_1","Moto_0","Life_0","Accident_0","Mobilhome_0","5","5",0.869647624831598
"Avg_size_4 et plus","Avg_age_3 40-50 years","Cust_type_8 Family with grown ups","Avg_incom_>75.000","Car_1","Third_1","Moto_0","Life_0","Accident_0","Mobilhome_0","5","5",0.869647624831598
"Avg_size_4 et plus","Avg_age_3 40-50 years","Cust_type_8 Family with grown ups","Avg_incom_>75.000","Car_1","Third_1","Moto_0","Life_0","Accident_0","Mobilhome_0","5","5",0.869647624831598
"Avg_size_4 et plus","Avg_age_3 40-50 years","Cust_type_1 Successful hedonists","Avg_incom_>75.000","Car_1","Third_1","Moto_0","Life_0","Accident_0","Mobilhome_0","5","5",0.869647624831598
"Avg_size_4 et plus","Avg_age_3 40-50 years","Cust_type_2 Driven Growers","Avg_incom_>75.000","Car_1","Third_1","Moto_0","Life_0","Accident_0","Mobilhome_0","5","5",0.869647624831598
"Avg_size_4 et plus","Avg_age_3 40-50 years","Cust_type_8 Family with grown ups","Avg_incom_>75.000","Car_1","Third_1","Moto_0","Life_0","Accident_0","Mobilhome_0","5","5",0.869647624831598
"Avg_size_4 et plus","Avg_age_3 40-50 years","Cust_type_8 Family with grown ups","Avg_incom_>75.000","Car_1","Third_1","Moto_0","Life_0","Accident_0","Mobilhome_0","5","5",0.869647624831598
"Avg_size_4 et plus","Avg_age_3 40-50 years","Cust_type_3 Average Family","Avg_incom_>75.000","Car_1","Third_1","Moto_0","Life_0","Accident_0","Mobilhome_0","5","5",0.869647624831598
"Avg_size_4 et plus","Avg_age_3 40-50 years","Cust_type_8 Family with grown ups","Avg_incom_>75.000","Car_1","Third_1","Moto_0","Life_0","Accident_0","Mobilhome_0","5","5",0.869647624831598
"Avg_size_4 et plus","Avg_age_3 40-50 years","Cust_type_1 Successful hedonists","Avg_incom_>75.000","Car_1","Third_1","Moto_0","Life_0","Accident_0","Mobilhome_0","5","5",0.869647624831598
"Avg_size_4 et plus","Avg_age_3 40-50 years","Cust_type_3 Average Family","Avg_incom_>75.000","Car_1","Third_1","Moto_0","Life_0","Accident_0","Mobilhome_0","5","5",0.869647624831598
"Avg_size_4 et plus","Avg_age_3 40-50 years","Cust_type_2 Driven Growers","Avg_incom_ 45-75.000","Car_1","Third_1","Moto_0","Life_0","Accident_0","Mobilhome_0","5","5",0.868890902202536
"Avg_size_4 et plus","Avg_age_3 40-50 years","Cust_type_3 Average Family","Avg_incom_ 45-75.000","Car_1","Third_1","Moto_0","Life_0","Accident_0","Mobilhome_0","5","5",0.868890902202536
"Avg_size_4 et plus","Avg_age_3 40-50 years","Cust_type_10 Farmers","Avg_incom_ 45-75.000","Car_1","Third_1","Moto_0","Life_0","Accident_0","Mobilhome_0","5","5",0.868890902202536
"Avg_size_4 et plus","Avg_age_3 40-50 years","Cust_type_8 Family with grown ups","Avg_incom_ 45-75.000","Car_1","Third_1","Moto_0","Life_0","Accident_0","Mobilhome_0","5","5",0.868890902202536
"Avg_size_4 et plus","Avg_age_3 40-50 years","Cust_type_3 Average Family","Avg_incom_ 45-75.000","Car_1","Third_1","Moto_0","Life_0","Accident_0","Mobilhome_0","5","5",0.868890902202536
"Avg_size_4 et plus","Avg_age_3 40-50 years","Cust_type_10 Farmers","Avg_incom_ 45-75.000","Car_1","Third_1","Moto_0","Life_0","Accident_0","Mobilhome_0","5","5",0.868890902202536
"Avg_size_4 et plus","Avg_age_3 40-50 years","Cust_type_1 Successful hedonists","Avg_incom_ 45-75.000","Car_1","Third_1","Moto_0","Life_0","Accident_0","Mobilhome_0","5","5",0.868890902202536
"Avg_size_4 et plus","Avg_age_3 40-50 years","Cust_type_3 Average Family","Avg_incom_ 45-75.000","Car_1","Third_1","Moto_0","Life_0","Accident_0","Mobilhome_0","5","5",0.868890902202536
"Avg_size_4 et plus","Avg_age_3 40-50 years","Cust_type_8 Family with grown ups","Avg_incom_ 45-75.000","Car_1","Third_1","Moto_0","Life_0","Accident_0","Mobilhome_0","5","5",0.868890902202536
"Avg_size_4 et plus","Avg_age_3 40-50 years","Cust_type_8 Family with grown ups","Avg_incom_ 45-75.000","Car_1","Third_1","Moto_0","Life_0","Accident_0","Mobilhome_0","5","5",0.868890902202536
"Avg_size_4 et plus","Avg_age_3 40-50 years","Cust_type_3 Average Family","Avg_incom_ 45-75.000","Car_1","Third_1","Moto_0","Life_0","Accident_0","Mobilhome_0","5","5",0.868890902202536
"Avg_size_4 et plus","Avg_age_3 40-50 years","Cust_type_3 Average Family","Avg_incom_ 45-75.000","Car_1","Third_1","Moto_0","Life_0","Accident_0","Mobilhome_0","5","5",0.868890902202536
"Avg_size_4 et plus","Avg_age_3 40-50 years","Cust_type_3 Average Family","Avg_incom_ 45-75.000","Car_1","Third_1","Moto_0","Life_0","Accident_0","Mobilhome_0","5","5",0.868890902202536
"Avg_size_4 et plus","Avg_age_3 40-50 years","Cust_type_8 Family with grown ups","Avg_incom_ 45-75.000","Car_1","Third_1","Moto_0","Life_0","Accident_0","Mobilhome_0","5","5",0.868890902202536
"Avg_size_4 et plus","Avg_age_3 40-50 years","Cust_type_9 Conservative families","Avg_incom_ 45-75.000","Car_1","Third_1","Moto_0","Life_0","Accident_0","Mobilhome_0","5","5",0.868890902202536
"Avg_size_4 et plus","Avg_age_3 40-50 years","Cust_type_2 Driven Growers","Avg_incom_ 45-75.000","Car_1","Third_1","Moto_0","Life_0","Accident_0","Mobilhome_0","5","5",0.868890902202536
"Avg_size_4 et plus","Avg_age_3 40-50 years","Cust_type_10 Farmers","Avg_incom_ 45-75.000","Car_1","Third_1","Moto_0","Life_0","Accident_0","Mobilhome_0","5","5",0.868890902202536
"Avg_size_4 et plus","Avg_age_3 40-50 years","Cust_type_8 Family with grown ups","Avg_incom_ 45-75.000","Car_1","Third_1","Moto_0","Life_0","Accident_0","Mobilhome_0","5","5",0.868890902202536
"Avg_size_4 et plus","Avg_age_3 40-50 years","Cust_type_2 Driven Growers","Avg_incom_ 45-75.000","Car_1","Third_1","Moto_0","Life_0","Accident_0","Mobilhome_0","5","5",0.868890902202536
"Avg_size_4 et plus","Avg_age_3 40-50 years","Cust_type_2 Driven Growers","Avg_incom_ 45-75.000","Car_1","Third_1","Moto_0","Life_0","Accident_0","Mobilhome_0","5","5",0.868890902202536
"Avg_size_4 et plus","Avg_age_3 40-50 years","Cust_type_3 Average Family","Avg_incom_ 45-75.000","Car_1","Third_1","Moto_0","Life_0","Accident_0","Mobilhome_0","5","5",0.868890902202536
"Avg_size_4 et plus","Avg_age_3 40-50 years","Cust_type_9 Conservative families","Avg_incom_ 45-75.000","Car_1","Third_1","Moto_0","Life_0","Accident_0","Mobilhome_0","5","5",0.868890902202536
"Avg_size_4 et plus","Avg_age_3 40-50 years","Cust_type_10 Farmers","Avg_incom_ 45-75.000","Car_1","Third_1","Moto_0","Life_0","Accident_0","Mobilhome_0","5","5",0.868890902202536
"Avg_size_4 et plus","Avg_age_3 40-50 years","Cust_type_2 Driven Growers","Avg_incom_ 45-75.000","Car_1","Third_1","Moto_0","Life_0","Accident_0","Mobilhome_0","5","5",0.868890902202536
"Avg_size_4 et plus","Avg_age_3 40-50 years","Cust_type_1 Successful hedonists","Avg_incom_ 45-75.000","Car_1","Third_1","Moto_0","Life_0","Accident_0","Mobilhome_0","5","5",0.868890902202536
"Avg_size_4 et plus","Avg_age_3 40-50 years","Cust_type_3 Average Family","Avg_incom_ 45-75.000","Car_1","Third_1","Moto_0","Life_0","Accident_0","Mobilhome_0","5","5",0.868890902202536
"Avg_size_4 et plus","Avg_age_3 40-50 years","Cust_type_10 Farmers","Avg_incom_ 45-75.000","Car_1","Third_1","Moto_0","Life_0","Accident_0","Mobilhome_0","5","5",0.868890902202536
"Avg_size_4 et plus","Avg_age_3 40-50 years","Cust_type_1 Successful hedonists","Avg_incom_ 45-75.000","Car_1","Third_1","Moto_0","Life_0","Accident_0","Mobilhome_0","5","5",0.868890902202536
"Avg_size_4 et plus","Avg_age_3 40-50 years","Cust_type_3 Average Family","Avg_incom_ 45-75.000","Car_1","Third_1","Moto_0","Life_0","Accident_0","Mobilhome_0","5","5",0.868890902202536
"Avg_size_4 et plus","Avg_age_3 40-50 years","Cust_type_8 Family with grown ups","Avg_incom_ 45-75.000","Car_1","Third_1","Moto_0","Life_0","Accident_0","Mobilhome_0","5","5",0.868890902202536
"Avg_size_4 et plus","Avg_age_3 40-50 years","Cust_type_7 Retired and Religeous","Avg_incom_ 45-75.000","Car_1","Third_1","Moto_0","Life_0","Accident_0","Mobilhome_0","5","5",0.868890902202536
"Avg_size_4 et plus","Avg_age_3 40-50 years","Cust_type_3 Average Family","Avg_incom_>75.000","Car_1","Third_1","Moto_1","Life_0","Accident_0","Mobilhome_0","5","5",0.85366322962239
"Avg_size_4 et plus","Avg_age_3 40-50 years","Cust_type_3 Average Family","Avg_incom_>75.000","Car_1","Third_1","Moto_1","Life_0","Accident_0","Mobilhome_0","5","5",0.85366322962239
"Avg_size_4 et plus","Avg_age_3 40-50 years","Cust_type_8 Family with grown ups","Avg_incom_ 45-75.000","Car_1","Third_1","Moto_1","Life_0","Accident_0","Mobilhome_0","5","5",0.852829417584102
"Avg_size_4 et plus","Avg_age_3 40-50 years","Cust_type_8 Family with grown ups","Avg_incom_ 45-75.000","Car_1","Third_1","Moto_1","Life_0","Accident_0","Mobilhome_0","5","5",0.852829417584102
"Avg_size_4 et plus","Avg_age_3 40-50 years","Cust_type_8 Family with grown ups","Avg_incom_ 45-75.000","Car_1","Third_1","Moto_1","Life_0","Accident_0","Mobilhome_0","5","5",0.852829417584102
"Avg_size_4 et plus","Avg_age_3 40-50 years","Cust_type_8 Family with grown ups","Avg_incom_ 45-75.000","Car_1","Third_1","Moto_1","Life_0","Accident_0","Mobilhome_0","5","5",0.852829417584102
"Avg_size_4 et plus","Avg_age_3 40-50 years","Cust_type_3 Average Family","Avg_incom_ 45-75.000","Car_1","Third_1","Moto_1","Life_0","Accident_0","Mobilhome_0","5","5",0.852829417584102
"Avg_size_4 et plus","Avg_age_3 40-50 years","Cust_type_8 Family with grown ups","Avg_incom_ 45-75.000","Car_1","Third_1","Moto_0","Life_0","Accident_1","Mobilhome_0","4","4",0.844857993797454
